Homepage,SIlicone Implatns,Saline Implants,Gummy Bear Implants,Boobs Sizes,Boobs Shapes,Risks,Procedure,Uplift,Natural Enhancement,Brands,Costs,Fat transfer,Profile
breast aug,silicone breast,saline and implants,gummy bear breast,c cup breast implants,tear drop boobs ,capsular contracture,boob plastic surgery,augmentation mammoplasty,naturals breast enhancement,,breast transplant cost,breast enlargement using fat transfer,high profile implants
boob augmentation,silicone breast implants,saline boobs,gummy bear boobs,b cup breast implants,tear drop breast,capsulectomy breast,breast enhancement without surgery,breast enhancement,natural breast enlargement,mentor memory gel implants,breast enhancement cost,breast augmentation and fat transfer,low profile implants
breast implants,silicon for boobs,saline and silicone implants,gummy bear implants cost,d cup breast implants,teardrop shaped breast,breast implant capsule,breast enlargement without surgery,breast augmentation,natural breast enhancement,mentor xtra gel,breast implant cost,breast aug with fat transfer,breast profile
breast enlargement,silicone boobs,structured saline implants,gummy bear implants near me,c cup implants,mentor teardrop implants,breast encapsulation,Saline surgery,boobe job,natural breast implants,natrelle inspira,Saline implant cost,fat relocation breast augmentation,high profile breast
boob operation,silicone implant cost,temporary breast enlargement,mentor gummy bear implants,b cup implants,textured breast implants,capsular contracture treatment near me,breast implant surgeons near me,boob job,most natural breast implants,mentorwwllc,average cost of boob lift,body fat transfer breast augmentation,high profile boobs
muscle breast,silicon implantation,saline boob job,gummy bear implants reddit,d cup implants,,,breast saline surgery,breast reshaping,best breast enhancement,mentor boost implant,gummy bear implants cost,fat transplant breast augmentation,extra high profile implants
boob enhancement,silicone surgery,saline breast augmentation,gummy bear silicone,full c cup boobs,,,breast enhancement treatment,a breast lift,non surgical breast enlargement,mentor saline implants,mya breast enlargement costs,fat transfer augmentation,
best breast implants,mentor silicone,saline breast augmentation cost,gummy bear implants cost 2022,full c cup breast,,breast reconstruction after mastectomy,breast plastic,boob uplift,non surgical boob job,mentor memory gel xtra,breast implant replacement costs near me,breast enhancement fat transfer,
boob enlargement,mentor silicone implants,saline breast injections,gummy bear augmentation,double d breast implants,,recovery after breast augmentation,transaxillary,breast lift,non surgical breast augmentation,mentor memory gel,small breast implant cost,breast augmentation using fat transfer,
perfect breast implants,motiva silicone,saline breast,gummy bear breast augmentation,full c breast implants,,boob job recovery,double mastectomy with expanders,a breast lift,non surgical breast lift before and after,mentor siltex,ideal implant cost,fat graft breast augmentation,
types of breast enhancement,breast silicone surgery,saline boobs,gummy bear boob job,ddd breast implants,,breast augmentation recovery,breast aug surgery,boob uplift,non invasive breast lift,mentor high profile implants,cheap breast implants,fat injection breast augmentation,
chest augmentation,silicone submuscular,saline infusion breast,gummy bear implants before and after,mini boob,,recovery time for breast implants,boob job surgeons,breast lift,non surgical breast enhancement,mentor tissue expanders,,fat transfer boob job,
ideal breast implant,silicone breast price,difference between saline implants and silicone,gummy bear breast,big breast implants,,recovery time for breast augmentation,boob job surgery,,breast augmentation non invasive,mentor memory gel boost,breast enhancement price,fat transfer breast augmentation,
breast fillers price,saline and silicone implants,difference between saline and silicone implants,gummy bear boobs,biggest implants,,breast augmentation recovery week by week,breast augmentation surgery,boob uplift cost,non invasive breast implants,mentor anatomical implants,average price for breast implants,fat moved to breast,
hybrid breast reconstruction,silicone subfascial,saline and silicone implants,gummy bear breast augmentation cost,big implants,,boob job recovery time,surgical breast lift,boob lift cost,non invasive breast enlargement,mentor memorygel xtra,mentor implants price,fat transfer on breast,
breast operation types,mentor xtra high profile,saline injection breast augmentation,gummy bear implants cost,huge implants,,breast reconstruction cost,breast augmentation surgeon,breast lift cost,non invasive boob job,mentor breast,boob uplift cost,fat transfer in boobs,
safe breast enlargement,silicone transplant,saline injection breast enlargement,silicone gummy bear implants,massive implants,,breast reconstruction images,plastic surgery before after,breast lift no augmentation,non invasive breast augmentation,memory gel implants,mastopexy cost,boob fat injections,
tissue expander,gummy bear silicone,saline augmentation,high profile gummy bear implants,breast augmentation sizers,,breast reconstruction doctor,bra surgery,breast implants without lift,non surgical breast lift cost,motiva saline,boob lift cost,body fat transfer to breast,
breast expanders,non silicone breast implants,saline and silicone,gummy bear implants near me,,,breast augmentation recovery bra,boob surgery,boob lift,non implant breast lift,allergan natrelle,breast lift cost,fat transfer for boobs,
muscle boob,cohesive gel,saline silicone,gummy bear implants pros and cons,breast augmentation sizes,,fast recovery breast augmentation,plastic surgery boobs,breast lift how much,non implant breast augmentation,breast implant companies,boob job cost,fat grafting to breast,
muscle implants,silicone surgery,difference between saline and silicone,gummy bear breast lift,breast implant sizers kit,,best bra for breast augmentation recovery,breast plastic surgery,breast lift how much does it cost,non surgical breast augmentation cost,allergan textured implants,breast implant cost,fat injections in breasts,
deflated boob,silicone boob job,round saline breast implants,gummy bear implants cost near me,boob job size,,,plastic surgery breast implants,breast lift and breast augmentation,non surgical breast filler,allergan natrelle inspira,breast aug cost,fat transfer to breast,
Submuscular ,silicone breast augmentation,saline under the muscle,breast augmentation with gummy bear implants,implant sizes,,breast implant recommendations,best breast augmentation surgeon,breast aug and lift,non surgical breast,inspira implants,boob augmentation cost,fat augmentation,
mastectomy with expanders,silicone breast implants,silicone saline implants,boob job gummy bear,breast implant size comparison,,breast augmentation reconstruction,breast augmentation surgery bra,boob lift and augmentation,non surgical boob enhancement,allergan inspira implants,breast transplant cost,fat graft breast augmentation before and after,
subglandular,silicone breast,saline filled,gummy bear breast augmentation near me,breast augmentation before and after by size,,breast augmentation recommendations,surgical bra for breast augmentation,breast aug with lift,non surgical breast implants,mentor textured implants,breast enlargement cost,fat transfer augmentation before and after,
mastopexy and augmentation,silicone implant sizes,side effects of saline implants,best gummy bear breast implants,plus size breast augmentation,,natural breast reconstruction with fat............................................................. transfer,post surgical breast augmentation bra,breast augmentation with lift,non invasive breast enhancement,mentor cohesive gel implants,breast job cost,breast augmentation with fat transfer before and after,
,silicone boobs,saline implants pros and cons,gummy implants near me,smallest implant size,,one day recovery breast augmentation,surgery for sagging breasts,breast lift and augmentation,non toxic breast implants,natrelle inspira cohesive,breast augmentation cost,fat transfer breast augmentation before after,
,risk of silicone implants,difference in silicone and saline implants,,,,rapid recovery breast augmentation cost,plastic surgery boob lift,boob lift pricing,non surgical breast lift options,,breast lift how much does it cost,fat transfer breast augmentation before and after,
,dangers of silicone implants,saline fake boobs,mastopexy cost,breast implant sizers for sale,,,plastic surgery before and after body,breast lift pricing,non surgical breast enhancement near me,,breast plastic surgery cost,fat grafting to breast before and after,
,silicone implants cost,benefits of saline implants,,breast enlargement sizes,,,plastic surgeons breast reconstruction,breast lift and augmentation before and after,non surgical breast enlargement near me,,fat injection breast augmentation cost,fat transfer to boobs before and after,
,pros and cons of silicone implants,the difference between silicone and saline implants,,breast implant sizer kit,,,plastic surgery breast lift,,non implant boob job,,fat transfer for breast augmentation cost,breast with fat transfer,
,silicone surgery,breast augmentation with saline implants,,breast size increase doctor,,,plastic surgery breast reconstruction,,breast fillers non surgical,,fat transplant breast augmentation cost,breast fat transfer before after,
,difference between saline implants and silicone,saline implants near me,,choosing breast size for reconstruction,,,best surgeon for breast lift,i regret my breast lift,boob lift without surgery,,breast augmentation using fat transfer cost,breast fat transfer after 5 years,
,silicone breast augmentation cost,saline implant replacement,,different size breast augmentation,,,silicon boobs surgery,,breast lift without surgery,,cost of breast augmentation with fat transfer,fat injection breast augmentation cost,
,silicone gummy bear implants,cons of saline implants,,implant sizers kit,,,,boob lift results,post surgical breast augmentation bra,,fat transfer augmentation cost,fat transfer for breast augmentation cost,
,difference between saline and silicone implants,saline solution for breast enlargement,,,,,,natural breast lift,boob job without surgery,,fat grafting breast augmentation cost,fat transplant breast augmentation cost,
,silicon boobs surery,difference between silicone gel and saline implants,,,,,breast augmentation removal,breast lift results,breast enhancement no surgery,,fat transfer breast augmentation cost,breast augmentation using fat transfer cost,
,breast augmentation with silicone implants,saline plastic surgery,,,,,breast augmentation removal cost,breast lift augmentation cost,breast enlargement no surgery,,breast lift augmentation cost,cost of breast augmentation with fat transfer,
,silicone implants before and after,saline solution implants,,,,,breast augmentation removal and lift,breast lift and augmentation cost,breast augmentation no surgery,,average cost of a boob job,mastopexy with fat transfer,
,best silicone implants,saline implants safer than silicone,,,,,implant removal and lift,boob lift recovery time,breast augmentation without surgery,,breast lift and augmentation cost,fat transfer for breast lift,
,breast silicone surgery,saline for breast,,,,,breast augmentation scar removal,breast lift and enhancement,breast enhancement without surgery,,breast augmentation removal cost,fat transfer breast augmentation prices,
,alternative to silicone implants,,,,,,implant removal and lift cost,breast augmentation breast lift,bigger boobs without surgery,,silicone implants cost,fat transfer augmentation cost,
,silicone plastic surgery,,,,,,removing implants before and after,breast uplift and enlargement,bigger breasts without surgery,,average cost of boob lift,fat grafting breast augmentation cost,
,silicone gel breast,,,,,,implant removal and replacement,breast uplift and augmentation,boob lift no surgery,,breast fat transfer cost,breast fat transfer and lift,
,silicone high profile implants,,,,,,breast skin removal,breast lift before and after pics,breast lift no surgery,,breast injections for enlargement cost,breast lift and fat transfer,
,silicone breast enlargement,,,,,,breast removal and replacement,breast lift and enlargement,increase breast volume without surgery,,fat grafting breast cost,fat transfer breast augmentation cost,
,silicone augmentation,,,,,,i want to remove my breast implants,breast lift before and after pictures,,,cost of fat transfer,fat into breast,
,silicone implants safe,,,,,,i want my implants removed,breast lift recovery time,,,boob fat transfer cost,breast fat transfer cost,
,saline and silicone implants,,,,,,breast augmentation removal and replacement,average cost of boob lift,,,average cost of breast enhancement,fat grafting breast cost,
,solid silicone implants,,,,,,plastic surgery breast implant removal,,,,average cost of breast augmentation,cost of fat transfer,
,saline and silicone,,,,,,,breast lift images,,,gummy bear breast augmentation cost,boob fat transfer cost,
,saline silicone,,,,,,,breast lift before after,,,low cost breast augmentation,breast fat transfer reviews,
,non silicone breast implants,,,,,,,,,,gummy bear implants cost,fat transfer breast augmentation near me,
,brands of silicone breast implants,,,,,,,,,,saline breast augmentation cost,fat tissue breast augmentation,
,difference between saline and silicone,,,,,,,,,,non surgical breast lift cost,breast augmentation using fat,
,silicone breast implant replacement,,,,,,,small breast lift,,,breast augmentation replacement cost,breast augmentation using body fat,
,alternative to silicone breast implants,,,,,,,,,,breast enhancement cost,breast augmentation with body fat,
,silicone breast implants pros and cons,,,,,,,breast augmentation no lift,,,silicone breast augmentation cost,fat breast augmentation,
,silicone breast implants safe,,,,,,,,,,breast fillers cost,breast lift fat transfer cost,
,pros and cons of silicone breast implants,,,,,,,breast augmentation without lift,,,breast lift fat transfer cost,fat transfer boob job before and after,
,silicone saline implants,,,,,,,breast lift without augmentation,,,breast lift and fat transfer cost,lipo with fat transfer to breast,
,silicon boobs operation,,,,,,,breast lift and augmentation recovery,,,breast augmentation near me cost,fat transfer breast augmentation results,
,benefits of silicone implants,,,,,,,breast explantation and lift,,,natural boob job cost,lipo fat transfer to breast,
,silicone breast enhancement,,,,,,,breast implants without lift,,,breast augmentation revision cost,breast lift and fat transfer cost,
,difference in silicone and saline implants,,,,,,,boob lift price,,,fat transfer boob job cost,breast lift and fat transfer before and after,
,the difference between silicone and saline implants,,,,,,,average cost of boob lift,,,average cost of breast augmentation and lift,fat transfer boob job cost,
,non silicone breast augmentation,,,,,,,breast lift without augmentation,,,breast reconstruction cost,fat to breast transfer cost,
,silicone gel filled,,,,,,,,,,fat to breast transfer cost,fat breast augmentation cost,
,benefits of silicone breast implants,,,,,,,,,,breast lift costs near me,risks of fat transfer breast augmentation,
,non silicone implants,,,,,,,,,,fat breast augmentation cost,breast augmentation with own fat,
,solid silicone breast implants,,,,,,,lipo breast lift,,,fake boobs cost,natural breast augmentation fat transfer,
,difference between silicone gel and saline implants,,,,,,,,,,boob job cost near me,fat transfer to breast pros and cons,
,safest silicone breast implants,,,,,,,implants without lift,,,breast implant cost near me,boob job fat transfer cost,
,saline implants safer than silicone,,,,,,,breast lift for large breasts,,,small boob job cost,pros and cons of fat transfer breast augmentation,
,breast implants not silicone,,,,,,,difference between breast lift and augmentation,,,natural breast augmentation cost,fat grafting boob job,
,silicone breast replacement,,,,,,,difference between breast augmentation and breast lift,,,boob job cost average,boob job with fat,
,,,,,,,,breast lift and lipo,,,non surgical breast augmentation cost,breast fat transfer procedure,
,,,,,,,,breast lift revision,,,boob job fat transfer cost,fat transfer to breast near me,
,,,,,,,,average cost of breast augmentation and lift,,,implant removal and lift cost,breast lift fat transfer before and after,
,,,,,,,,breast lift pros and cons,,,augmentation mastopexy cost,breast augmentation using your own fat,
,,,,,,,,boob lift before and after pictures,,,boob job and lift cost,breast fat transfer cost near me,
,,,,,,,,lift and implants,,,boob enhancement cost,fat into boobs,
,,,,,,,,cheap boob lift,,,breast augmentation cost arizona,breast augmentation through fat transfer,
,,,,,,,,breast lift costs near me,,,breast augmentation cost mn,best fat transfer breast augmentation,
,,,,,,,,breast lift treatment,,,breast lift cost with insurance,fat replacement breast augmentation,
,,,,,,,,best breast lift,,,,average cost for fat transfer breast augmentation,
,,,,,,,,cheap breast lift,,,boob transplant cost,average cost of fat transfer breast augmentation,
,,,,,,,,natural breast lift before and after,,,average cost for fat transfer breast augmentation,fat breast transfer before and after,
,,,,,,,,breast augmentation without lift before and after,,,average cost of fat transfer breast augmentation,adding fat to breast,
,,,,,,,,breast lift after weight loss before and after,,,lipo and breast augmentation cost,natural fat breast augmentation,
,,,,,,,,boob lift job,,,boob plastic surgery cost,fat transfer breast augmentation reviews,
,,,,,,,,weight loss breast lift,,,,best breast fat transfer surgeons,
,,,,,,,,less invasive breast lift,,,breast lift cost mn,fat transfer breast augmentation cost near me,
,,,,,,,,,,,breast implant replacement and lift cost,price of fat transfer breast augmentation,
,,,,,,,,least invasive breast lift,,,plastic surgery breast implants cost,fat transfer to chest,
,,,,,,,,breast lift on small breast,,,breast augmentation without implants cost,fat redistribution breast augmentation,
,,,,,,,,breast lift only,,,boob job lift cost,fat transfer breast augmentation and lift,
,,,,,,,,,,,lipo fat transfer to breast cost,naturals fat transfer,
,,,,,,,,,,,breast revision cost,natural fat transfer,
,,,,,,,,lift boob job,,,breast lift and augmentation cost near me,natural fat transfer to breast,
,,,,,,,,,,,average cost of fat transfer to breast,naturals breast fat transfer,
,,,,,,,,boob job and lift cost,,,mastopexy cost near me,natural breast fat transfer,
,,,,,,,,breast lift operation,,,gummy bear implants cost near me,breast augmentation fat transfer near me,
,,,,,,,,breast lift alternatives,,,breast re augmentation cost,breast uplift with fat transfer,
,,,,,,,,boob job and lift,,,fat transfer and breast lift cost,mtf fat transfer breast augmentation,
,,,,,,,,,,,fat transfer breast augmentation average cost,breast reconstruction with fat,
,,,,,,,,breast lift on small boobs,,,natural fat ransfer breast augmentation cost,fat transfer breast augmentation with lift,
,,,,,,,,breast lift injections,,,plastic surgery boob job cost,fat transplant boob job,
,,,,,,,,,,,breast augmentation cost fat transfer,lipo fat transfer to breast cost,
,,,,,,,,breast implant replacement and lift,,,breast grafting cost,fat transfer with breast lift,
,,,,,,,,lift and augmentation,,,breast augmentation using body fat cost,fat injection boob job,
,,,,,,,,breast lift through nipple,,,natural breast enhancement cost,average cost of fat transfer to breast,
,,,,,,,,,,,,fat grafting breast near me,
,,,,,,,,breast lift clinic,,,lift and implants cost,fat transfer and breast lift cost,
,,,,,,,,before and after lift,,,fat relocation breast augmentation cost,recovery time for fat transfer to breast,
,,,,,,,,breast lift for older women,,,boob job cost mn,putting fat into your breast,
,,,,,,,,extreme breast lift,,,low cost breast augmentation near me,fat transfer to breast procedure,
,,,,,,,,,,,fat grafting for breast augmentation cost,boob job using fat,
,,,,,,,,breast lift cost mn,,,cost for breast fat transfer,fat transfer boob augmentation,
,,,,,,,,a boob lift,,,body fat transfer breast augmentation cost,fat boob transfer,
,,,,,,,,,,,implant replacement and lift cost,breast augmentation with fat transfer near me,
,,,,,,,,getting a breast lift,,,rapid recovery breast augmentation cost,breast lift using fat transfer,
,,,,,,,,breast lift through armpit,,,,fat transfer breast augmentation average cost,
,,,,,,,,breast implant replacement and lift cost,,,,natural fat transfer breast augmentation cost,
,,,,,,,,,,,,breast lift and augmentation with fat transfer,
,,,,,,,,a breast lift without implants,,,,breast augmentation surgery fat transfer,
,,,,,,,,medical breast lift,,,,breast enhancement using fat,
,,,,,,,,boob job lift cost,,,,put fat in breast,
,,,,,,,,best country for breast lift,,,,fat harvesting for breast reconstruction,
,,,,,,,,,,,,breast augmentation cost fat transfer,
,,,,,,,,,,,,fat to boob transfer,
,,,,,,,,breast lift and augmentation cost near me,,,,breast augmentation using body fat cost,
,,,,,,,,,,,,fat cell transfer breast augmentation,
,,,,,,,,breast implant revision and lift,,,,fat relocation breast augmentation cost,
,,,,,,,,cosmetic breast lift,,,,breast lift and fat transfer near me,
,,,,,,,,breast lift and fill,,,,fat grafting breast augmentation near me,
,,,,,,,,permanent breast lift,,,,fat transfer breast augmentation arizona,
,,,,,,,,breast lift and reconstruction,,,,fat transfer breast near me,
,,,,,,,,skin tightening breast lift,,,,breast fat transfer doctors,
,,,,,,,,,,,,fat grafting for breast augmentation cost,
,,,,,,,,breast lift plus augmentation,,,,getting fat transferred to your breast,
,,,,,,,,,,,,cheap fat transfer to breast,
,,,,,,,,breast lift information,,,,cost for breast fat transfer,
,,,,,,,,implant replacement and lift,,,,boob job using your own fat,
,,,,,,,,best place for breast lift,,,,natural breast reconstruction with fat transfer,
,,,,,,,,best place to get breast lift,,,,fat transfer breast augmentation doctors,
,,,,,,,,lift and implants cost,,,,body fat transfer breast augmentation cost,
,,,,,,,,best breast lift and augmentation,,,,transfer of fat to breast,
,,,,,,,,,,,,fat transfer breast augmentation minnesota,
,,,,,,,,breast lift specials,,,,breast enhancement with body fat,
,,,,,,,,i need a breast lift,,,,fat transfer breast augmentation mn,
,,,,,,,,breast lift and breast augmentation difference,,,,non silicone breast implants,
,,,,,,,,breast lift deals,,,,non silicone breast augmentation,
,,,,,,,,cheapest place to get breast lift,,,,non silicone implants,
,,,,,,,,implant replacement and lift cost,,,,,
,,,,,,,,i want a breast lift,,,,,